{
  "accuracy": 0.9813333333333333,
  "f1_macro": 0.9815509372306885,
  "recall_per_class": {
    "healthy": 0.99581589958159,
    "early_blight": 0.9618320610687023,
    "late_blight": 0.9879518072289156
  },
  "fn_critical": 0,
  "confusion_matrix": [
    [
      238,
      0,
      1
    ],
    [
      3,
      252,
      7
    ],
    [
      0,
      3,
      246
    ]
  ],
  "by_subdomain": {
    "mendeley_ue": {
      "n": 210,
      "accuracy": 0.9476190476190476
    },
    "plantvillage": {
      "n": 428,
      "accuracy": 0.9976635514018691
    },
    "quizhpe": {
      "n": 48,
      "accuracy": 0.9791666666666666
    },
    "tilahun": {
      "n": 64,
      "accuracy": 0.984375
    }
  }
}