{
  "accuracy": 0.9866666666666667,
  "f1_macro": 0.9868675213675213,
  "recall_per_class": {
    "healthy": 1.0,
    "early_blight": 0.9732824427480916,
    "late_blight": 0.9879518072289156
  },
  "fn_critical": 0,
  "confusion_matrix": [
    [
      239,
      0,
      0
    ],
    [
      2,
      255,
      5
    ],
    [
      0,
      3,
      246
    ]
  ],
  "by_subdomain": {
    "mendeley_ue": {
      "n": 210,
      "accuracy": 0.9571428571428572
    },
    "plantvillage": {
      "n": 428,
      "accuracy": 1.0
    },
    "quizhpe": {
      "n": 48,
      "accuracy": 0.9791666666666666
    },
    "tilahun": {
      "n": 64,
      "accuracy": 1.0
    }
  }
}