{
  "engine": "efficientnetv2_b0_fp16.engine",
  "n": 750,
  "mean_ms": 2.1692358600048465,
  "p50_ms": 2.1090549998916686,
  "p95_ms": 2.459408400591201,
  "p99_ms": 2.4689079201016284,
  "std_ms": 0.13154249043217756,
  "fps": 460.99182594084806,
  "rss_peak_mb": 778.940416,
  "h2d_ms": 0.055574810085090576,
  "compute_ms": 1.9884078400718863,
  "d2h_ms": 0.022471390020655235,
  "idle_w": 5.416294736842106,
  "load_w": 9.163250000000001,
  "energy_net_j_per_inf": 0.008473568801203323
}