{
  "engine": "efficientnetv2_b0_fp32.engine",
  "n": 750,
  "mean_ms": 3.0694599613173827,
  "p50_ms": 2.960887500194076,
  "p95_ms": 3.318163600124535,
  "p99_ms": 3.325972750553774,
  "std_ms": 0.1637996870922745,
  "fps": 325.7902082458862,
  "rss_peak_mb": 691.347456,
  "h2d_ms": 0.056629210066603264,
  "compute_ms": 2.8341624601671356,
  "d2h_ms": 0.02275203001772752,
  "idle_w": 5.4165473684210514,
  "load_w": 10.378590909090912,
  "energy_net_j_per_inf": 0.01569014212162637
}