{
  "engine": "mobilenetv4_conv_small_fp32.engine",
  "n": 750,
  "mean_ms": 1.2730353119865565,
  "p50_ms": 1.4270179999584798,
  "p95_ms": 1.4602052000554977,
  "p99_ms": 1.4688784802092414,
  "std_ms": 0.1855027751608629,
  "fps": 785.5241646357098,
  "rss_peak_mb": 696.795136,
  "h2d_ms": 0.05593220001173904,
  "compute_ms": 0.9559498999078642,
  "d2h_ms": 0.021012770012021065,
  "idle_w": 5.410989473684211,
  "load_w": 8.344666666666667,
  "energy_net_j_per_inf": 0.003980493308741277
}