{
  "engine": "repvit_m1_fp32.engine",
  "n": 750,
  "mean_ms": 2.9420135080460263,
  "p50_ms": 2.8065729993613786,
  "p95_ms": 3.205101200728677,
  "p99_ms": 3.2123820303968387,
  "std_ms": 0.18700789485483985,
  "fps": 339.9032659996731,
  "rss_peak_mb": 682.942464,
  "h2d_ms": 0.05310097007168224,
  "compute_ms": 2.685161770077684,
  "d2h_ms": 0.02127337013007491,
  "idle_w": 5.419350877192982,
  "load_w": 10.470523809523806,
  "energy_net_j_per_inf": 0.015306804276992424
}