{
  "engine": "repvit_m1_fp16.engine",
  "n": 750,
  "mean_ms": 2.196672897312965,
  "p50_ms": 2.179326500481693,
  "p95_ms": 2.223373949436791,
  "p99_ms": 2.538632999858237,
  "std_ms": 0.0739757351328333,
  "fps": 455.23391362602484,
  "rss_peak_mb": 771.596288,
  "h2d_ms": 0.05398999004682992,
  "compute_ms": 2.061921140029881,
  "d2h_ms": 0.02294590995006729,
  "idle_w": 5.421266666666666,
  "load_w": 9.159375,
  "energy_net_j_per_inf": 0.008556504989489988
}