{
  "engine": "efficientformerv2_s0_fp32.engine",
  "n": 750,
  "mean_ms": 2.884935558659587,
  "p50_ms": 2.8744410010403953,
  "p95_ms": 2.9067225993458123,
  "p99_ms": 3.253991879118985,
  "std_ms": 0.05525673133835913,
  "fps": 346.62819313185105,
  "rss_peak_mb": 698.372096,
  "h2d_ms": 0.05659187987475889,
  "compute_ms": 2.753010100004758,
  "d2h_ms": 0.022218549893295858,
  "idle_w": 5.405835087719298,
  "load_w": 10.932999999999996,
  "energy_net_j_per_inf": 0.016488571848727977
}