{
  "engine": "efficientformerv2_s0_int8.engine",
  "n": 750,
  "mean_ms": 2.731028464016466,
  "p50_ms": 2.726466499552771,
  "p95_ms": 2.7500355500706064,
  "p99_ms": 2.794756829025573,
  "std_ms": 0.03308596116737291,
  "fps": 366.1624231222113,
  "rss_peak_mb": 771.907584,
  "h2d_ms": 0.05309280000801664,
  "compute_ms": 2.6034715300193056,
  "d2h_ms": 0.02300674001162406,
  "idle_w": 5.41557543859649,
  "load_w": 8.87145,
  "energy_net_j_per_inf": 0.009768303682972315
}