{
  "engine": "mobilenetv4_conv_small_int8.engine",
  "n": 750,
  "mean_ms": 0.8270880799439814,
  "p50_ms": 0.7340850006585242,
  "p95_ms": 1.1465673996099213,
  "p99_ms": 1.1529635601254995,
  "std_ms": 0.16882868012997232,
  "fps": 1209.0610713041951,
  "rss_peak_mb": 674.418688,
  "h2d_ms": 0.056062789844872896,
  "compute_ms": 0.6227456499618711,
  "d2h_ms": 0.020734330064442474,
  "idle_w": 5.408508771929824,
  "load_w": 6.916333333333334,
  "energy_net_j_per_inf": 0.001363339120397531
}