{
  "engine": "mobilenetv4_conv_small_fp16.engine",
  "n": 750,
  "mean_ms": 1.1933128507007496,
  "p50_ms": 1.2067875004504458,
  "p95_ms": 1.2151426494710904,
  "p99_ms": 1.2227108805745956,
  "std_ms": 0.07108312542183526,
  "fps": 838.0032104848026,
  "rss_peak_mb": 777.900032,
  "h2d_ms": 0.0565228901541559,
  "compute_ms": 0.6979006499386742,
  "d2h_ms": 0.019991589906567242,
  "idle_w": 5.42599298245614,
  "load_w": 7.427625,
  "energy_net_j_per_inf": 0.002547589285555932
}