{
  "engine": "efficientnetv2_b0_int8.engine",
  "n": 750,
  "mean_ms": 2.012416738696629,
  "p50_ms": 2.181296000344446,
  "p95_ms": 2.2056026004065643,
  "p99_ms": 2.2097787295206217,
  "std_ms": 0.19504065629994294,
  "fps": 496.9149683418279,
  "rss_peak_mb": 681.836544,
  "h2d_ms": 0.0565318699227646,
  "compute_ms": 1.6852171100435953,
  "d2h_ms": 0.022263689934334252,
  "idle_w": 5.415161403508772,
  "load_w": 7.775571428571429,
  "energy_net_j_per_inf": 0.00494837661859243
}