{
  "engine": "efficientformerv2_s0_fp16.engine",
  "n": 750,
  "mean_ms": 2.4657456426381636,
  "p50_ms": 2.331577500626736,
  "p95_ms": 2.7238475998274225,
  "p99_ms": 2.729629679597565,
  "std_ms": 0.18500352000689618,
  "fps": 405.556835509633,
  "rss_peak_mb": 775.811072,
  "h2d_ms": 0.05812280003738124,
  "compute_ms": 2.2075944800599245,
  "d2h_ms": 0.023102780087356223,
  "idle_w": 5.413340350877194,
  "load_w": 9.143777777777778,
  "energy_net_j_per_inf": 0.009554276869270585
}