{
  "engine": "repvit_m1_int8.engine",
  "n": 750,
  "mean_ms": 2.2538448360282928,
  "p50_ms": 2.251255999908608,
  "p95_ms": 2.274672999374161,
  "p99_ms": 2.294239441052923,
  "std_ms": 0.01640580421459576,
  "fps": 443.68626624812026,
  "rss_peak_mb": 730.29632,
  "h2d_ms": 0.055447290105803404,
  "compute_ms": 2.1319536999544653,
  "d2h_ms": 0.020612860043911496,
  "idle_w": 5.423364912280701,
  "load_w": 8.108437499999999,
  "energy_net_j_per_inf": 0.006284488228746835
}